{
    "iter_1": {
        "calidad_promedio": 0.8953067380043547,
        "ocupacion_promedio_ferm": [
            [
                "P1",
                0.018141147169811318,
                0.0425952
            ],
            [
                "P2",
                0.03298437818181818,
                0.0655344
            ],
            [
                "P3",
                0.027977564402810306,
                0.06949028571428571
            ],
            [
                "P4",
                0.1200083531409168,
                0.26641894736842103
            ],
            [
                "P5",
                0.054372000000000004,
                0.14832
            ],
            [
                "P6",
                0.0,
                0.0
            ]
        ],
        "procesado_planta": [
            307098,
            285660,
            759834,
            906336,
            365634,
            0
        ],
        "porcentaje_camiones_tercero": 0.0,
        "porcentaje_uva_terceros": 0.0,
        "costos_procesamiento": 66617488.8,
        "costos_transporte": 127987253111.08592,
        "costos_jornaleros": 61032510,
        "costos_asignacion": 9755000,
        "costos_totales": 128124658109.88593
    }
}