{
    "iter_1": {
        "calidad_promedio": 0.8689135610558258,
        "ocupacion_promedio_ferm": [
            [
                "P1",
                0.01817497358490566,
                0.0566784
            ],
            [
                "P2",
                0.03659197090909091,
                0.1118448
            ],
            [
                "P3",
                0.027315147540983607,
                0.07140342857142858
            ],
            [
                "P4",
                0.13755056027164686,
                0.29910315789473685
            ],
            [
                "P5",
                0.044313,
                0.12642
            ],
            [
                "P6",
                0.0,
                0.0
            ]
        ],
        "procesado_planta": [
            307260,
            326052,
            760806,
            1057374,
            328266,
            0
        ],
        "porcentaje_camiones_tercero": 0.0,
        "porcentaje_uva_terceros": 0.0,
        "costos_procesamiento": 70992730.8,
        "costos_transporte": 109600928646.04512,
        "costos_jornaleros": 61032510,
        "costos_asignacion": 9950000,
        "costos_totales": 109742903886.84512
    }
}