{
    "iter_1": {
        "calidad_promedio": 0.8810625399705492,
        "ocupacion_promedio_ferm": [
            [
                "P1",
                0.012950218867924529,
                0.0337824
            ],
            [
                "P2",
                0.03687237818181818,
                0.0692064
            ],
            [
                "P3",
                0.02794746604215457,
                0.05776457142857143
            ],
            [
                "P4",
                0.14158634974533107,
                0.28239157894736844
            ],
            [
                "P5",
                0.043071,
                0.11502
            ],
            [
                "P6",
                0.0,
                0.0
            ]
        ],
        "procesado_planta": [
            225396,
            327456,
            771606,
            1063260,
            315900,
            0
        ],
        "porcentaje_camiones_tercero": 0.0,
        "porcentaje_uva_terceros": 0.0,
        "costos_procesamiento": 69425877.6,
        "costos_transporte": 114157898049.3621,
        "costos_jornaleros": 61032510,
        "costos_asignacion": 9575000,
        "costos_totales": 114297931436.96211
    }
}