{
    "iter_1": {
        "calidad_promedio": 0.8808498560685177,
        "ocupacion_promedio_ferm": [
            [
                "P1",
                0.0,
                0.0
            ],
            [
                "P2",
                0.05626603636363636,
                0.1341792
            ],
            [
                "P3",
                0.03198716129032258,
                0.06939771428571428
            ],
            [
                "P4",
                0.1801436332767402,
                0.3331515789473684
            ],
            [
                "P5",
                0.0,
                0.0
            ],
            [
                "P6",
                0.0,
                0.0
            ]
        ],
        "procesado_planta": [
            0,
            534924,
            889326,
            1359612,
            0,
            0
        ],
        "porcentaje_camiones_tercero": 0.0,
        "porcentaje_uva_terceros": 0.0,
        "costos_procesamiento": 72770853.6,
        "costos_transporte": 137304380873.79977,
        "costos_jornaleros": 44387280,
        "costos_asignacion": 9890000,
        "costos_totales": 137431429007.39978
    }
}