{
    "iter_1": {
        "calidad_promedio": 0.875839851426685,
        "ocupacion_promedio_ferm": [
            [
                "P1",
                0.0,
                0.0
            ],
            [
                "P2",
                0.04334965714285714,
                0.1029024
            ],
            [
                "P3",
                0.027512936768149882,
                0.06537085714285715
            ],
            [
                "P4",
                0.1515630560271647,
                0.28381263157894737
            ],
            [
                "P5",
                0.053162999999999995,
                0.165
            ],
            [
                "P6",
                0.0,
                0.0
            ]
        ],
        "procesado_planta": [
            0,
            395064,
            776898,
            1133460,
            393552,
            0
        ],
        "porcentaje_camiones_tercero": 0.0,
        "porcentaje_uva_terceros": 0.0,
        "costos_procesamiento": 71329356.0,
        "costos_transporte": 131312169998.31416,
        "costos_jornaleros": 61032510,
        "costos_asignacion": 9690000,
        "costos_totales": 131454221864.31416
    }
}