{
    "iter_1": {
        "calidad_promedio": 0.8883164895983506,
        "ocupacion_promedio_ferm": [
            [
                "P1",
                0.018012738461538464,
                0.0537624
            ],
            [
                "P2",
                0.0498454779661017,
                0.1318032
            ],
            [
                "P3",
                0.042557817330210766,
                0.09127542857142858
            ],
            [
                "P4",
                0.15046013582342954,
                0.28426736842105266
            ],
            [
                "P5",
                0.09634645161290323,
                0.19266
            ],
            [
                "P6",
                0.0,
                0.0
            ]
        ],
        "procesado_planta": [
            313416,
            481248,
            1188324,
            1115910,
            725976,
            0
        ],
        "porcentaje_camiones_tercero": 0.0,
        "porcentaje_uva_terceros": 0.0,
        "costos_procesamiento": 98028694.8,
        "costos_transporte": 534092551050.2863,
        "costos_jornaleros": 221936400,
        "costos_asignacion": 13670000,
        "costos_totales": 534426186145.0863
    }
}