{
    "iter_1": {
        "calidad_promedio": 0.8784579591108079,
        "ocupacion_promedio_ferm": [
            [
                "P1",
                0.020888830188679243,
                0.0613872
            ],
            [
                "P2",
                0.043223563636363635,
                0.0975888
            ],
            [
                "P3",
                0.02716946135831382,
                0.058489714285714284
            ],
            [
                "P4",
                0.11934916808149405,
                0.2676694736842105
            ],
            [
                "P5",
                0.043997999999999995,
                0.14694
            ],
            [
                "P6",
                0.0,
                0.0
            ]
        ],
        "procesado_planta": [
            362340,
            381672,
            751194,
            894888,
            327294,
            0
        ],
        "porcentaje_camiones_tercero": 0.0,
        "porcentaje_uva_terceros": 0.0,
        "costos_procesamiento": 69062004.0,
        "costos_transporte": 124602339759.26245,
        "costos_jornaleros": 61032510,
        "costos_asignacion": 9695000,
        "costos_totales": 124742129273.26245
    }
}