{
    "iter_1": {
        "calidad_promedio": 0.8736161912423404,
        "ocupacion_promedio_ferm": [
            [
                "P1",
                0.015778188679245284,
                0.0545832
            ],
            [
                "P2",
                0.032683114285714285,
                0.0795312
            ],
            [
                "P3",
                0.027585779859484776,
                0.06827142857142857
            ],
            [
                "P4",
                0.13450308998302207,
                0.3031957894736842
            ],
            [
                "P5",
                0.050244,
                0.13722
            ],
            [
                "P6",
                0.0,
                0.0
            ]
        ],
        "procesado_planta": [
            254772,
            287874,
            772632,
            1039392,
            343116,
            0
        ],
        "porcentaje_camiones_tercero": 0.0,
        "porcentaje_uva_terceros": 0.0,
        "costos_procesamiento": 68946789.60000001,
        "costos_transporte": 2557300871.53764,
        "costos_jornaleros": 61032510,
        "costos_asignacion": 9695000,
        "costos_totales": 2696975171.13764
    }
}