{
    "iter_1": {
        "calidad_promedio": 0.8809431750931419,
        "ocupacion_promedio_ferm": [
            [
                "P1",
                0.014699003773584907,
                0.0363528
            ],
            [
                "P2",
                0.04430749090909091,
                0.1104192
            ],
            [
                "P3",
                0.026648430913348946,
                0.058212
            ],
            [
                "P4",
                0.13257504244482174,
                0.29052
            ],
            [
                "P5",
                0.059312000000000004,
                0.14832
            ],
            [
                "P6",
                0.0,
                0.0
            ]
        ],
        "procesado_planta": [
            262116,
            393012,
            730998,
            991278,
            441018,
            0
        ],
        "porcentaje_camiones_tercero": 0.0,
        "porcentaje_uva_terceros": 0.0,
        "costos_procesamiento": 72987102.0,
        "costos_transporte": 115198535748.82669,
        "costos_jornaleros": 61032510,
        "costos_asignacion": 9825000,
        "costos_totales": 115342380360.82669
    }
}