{
    "iter_1": {
        "calidad_promedio": 0.8738590215457515,
        "ocupacion_promedio_ferm": [
            [
                "P1",
                0.01575387692307692,
                0.0411696
            ],
            [
                "P2",
                0.03805291636363636,
                0.0883008
            ],
            [
                "P3",
                0.027196777517564403,
                0.05751771428571428
            ],
            [
                "P4",
                0.11849195246179967,
                0.23185894736842105
            ],
            [
                "P5",
                0.05466,
                0.13392
            ],
            [
                "P6",
                0.0,
                0.0
            ]
        ],
        "procesado_planta": [
            269406,
            335016,
            758160,
            877662,
            397980,
            0
        ],
        "porcentaje_camiones_tercero": 0.0,
        "porcentaje_uva_terceros": 0.0,
        "costos_procesamiento": 67496360.4,
        "costos_transporte": 121310242907.39734,
        "costos_jornaleros": 61032510,
        "costos_asignacion": 9710000,
        "costos_totales": 121448481777.79733
    }
}