{
    "iter_1": {
        "calidad_promedio": 0.882226339845233,
        "ocupacion_promedio_ferm": [
            [
                "P1",
                0.01507639245283019,
                0.0351864
            ],
            [
                "P2",
                0.03724704,
                0.0795312
            ],
            [
                "P3",
                0.030994988290398127,
                0.05807314285714286
            ],
            [
                "P4",
                0.1153546349745331,
                0.2204336842105263
            ],
            [
                "P5",
                0.057991,
                0.13638
            ],
            [
                "P6",
                0.0,
                0.0
            ]
        ],
        "procesado_planta": [
            267678,
            359532,
            863622,
            846450,
            387558,
            0
        ],
        "porcentaje_camiones_tercero": 0.0,
        "porcentaje_uva_terceros": 0.0,
        "costos_procesamiento": 69238486.8,
        "costos_transporte": 119868518527.14081,
        "costos_jornaleros": 61032510,
        "costos_asignacion": 9620000,
        "costos_totales": 120008409523.94081
    }
}