{
    "iter_1": {
        "calidad_promedio": 0.877593714083637,
        "ocupacion_promedio_ferm": [
            [
                "P1",
                0.0,
                0.0
            ],
            [
                "P2",
                0.040600285714285714,
                0.0958608
            ],
            [
                "P3",
                0.030766847775175642,
                0.06344228571428571
            ],
            [
                "P4",
                0.14606037351443124,
                0.28381263157894737
            ],
            [
                "P5",
                0.0493,
                0.117
            ],
            [
                "P6",
                0.0,
                0.0
            ]
        ],
        "procesado_planta": [
            0,
            364446,
            887760,
            1084050,
            357858,
            0
        ],
        "porcentaje_camiones_tercero": 0.0,
        "porcentaje_uva_terceros": 0.0,
        "costos_procesamiento": 70276388.39999999,
        "costos_transporte": 137193090439.90192,
        "costos_jornaleros": 61032510,
        "costos_asignacion": 9700000,
        "costos_totales": 137334099338.30191
    }
}