{
    "iter_1": {
        "calidad_promedio": 0.8872223321333758,
        "ocupacion_promedio_ferm": [
            [
                "P1",
                0.02193017142857143,
                0.0589464
            ],
            [
                "P2",
                0.10155002033898305,
                0.2400192
            ],
            [
                "P3",
                0.04575243317972351,
                0.08266628571428572
            ],
            [
                "P4",
                0.16816736842105262,
                0.31621263157894736
            ],
            [
                "P5",
                0.12891,
                0.201
            ],
            [
                "P6",
                0.0,
                0.0
            ]
        ],
        "procesado_planta": [
            384804,
            959634,
            1339740,
            1221588,
            900990,
            0
        ],
        "porcentaje_camiones_tercero": 0.0,
        "porcentaje_uva_terceros": 0.0,
        "costos_procesamiento": 125388453.6,
        "costos_transporte": 497634092767.75555,
        "costos_jornaleros": 221936400,
        "costos_asignacion": 19590000,
        "costos_totales": 498001007621.3555
    }
}