{
    "iter_1": {
        "calidad_promedio": 0.8863207626137263,
        "ocupacion_promedio_ferm": [
            [
                "P1",
                0.013490446153846153,
                0.0395928
            ],
            [
                "P2",
                0.03469195636363637,
                0.0711936
            ],
            [
                "P3",
                0.026767812646370022,
                0.06293314285714285
            ],
            [
                "P4",
                0.13902753820033956,
                0.2830736842105263
            ],
            [
                "P5",
                0.047802000000000004,
                0.1305
            ],
            [
                "P6",
                0.0,
                0.0
            ]
        ],
        "procesado_planta": [
            217620,
            301428,
            752922,
            1059372,
            344034,
            0
        ],
        "porcentaje_camiones_tercero": 0.0,
        "porcentaje_uva_terceros": 0.0,
        "costos_procesamiento": 68793494.4,
        "costos_transporte": 129670072218.80194,
        "costos_jornaleros": 61032510,
        "costos_asignacion": 9755000,
        "costos_totales": 129809653223.20193
    }
}