{
    "iter_1": {
        "calidad_promedio": 0.8771997206559137,
        "ocupacion_promedio_ferm": [
            [
                "P1",
                0.014469554716981133,
                0.034992
            ],
            [
                "P2",
                0.04118530909090909,
                0.1261872
            ],
            [
                "P3",
                0.029061358313817332,
                0.06071142857142857
            ],
            [
                "P4",
                0.12082156196943973,
                0.22975578947368422
            ],
            [
                "P5",
                0.050218,
                0.13722
            ],
            [
                "P6",
                0.0,
                0.0
            ]
        ],
        "procesado_planta": [
            257256,
            376542,
            814266,
            926532,
            338040,
            0
        ],
        "porcentaje_camiones_tercero": 0.0,
        "porcentaje_uva_terceros": 0.0,
        "costos_procesamiento": 69307704.0,
        "costos_transporte": 128159215231.41878,
        "costos_jornaleros": 61032510,
        "costos_asignacion": 9770000,
        "costos_totales": 128299325445.41878
    }
}