{
    "iter_1": {
        "calidad_promedio": 0.8793456362439728,
        "ocupacion_promedio_ferm": [
            [
                "P1",
                0.013821962264150943,
                0.036936
            ],
            [
                "P2",
                0.04057501090909091,
                0.0841968
            ],
            [
                "P3",
                0.029606922716627633,
                0.06356571428571428
            ],
            [
                "P4",
                0.12144132427843804,
                0.20576842105263157
            ],
            [
                "P5",
                0.047469,
                0.13722
            ],
            [
                "P6",
                0.0,
                0.0
            ]
        ],
        "procesado_planta": [
            249156,
            357426,
            824904,
            894294,
            338850,
            0
        ],
        "porcentaje_camiones_tercero": 0.0,
        "porcentaje_uva_terceros": 0.0,
        "costos_procesamiento": 67905637.2,
        "costos_transporte": 122696294922.81036,
        "costos_jornaleros": 61032510,
        "costos_asignacion": 9620000,
        "costos_totales": 122834853070.01036
    }
}