{
    "iter_1": {
        "calidad_promedio": 0.8848322006101286,
        "ocupacion_promedio_ferm": [
            [
                "P1",
                0.0154494,
                0.047736
            ],
            [
                "P2",
                0.03430158545454545,
                0.0855792
            ],
            [
                "P3",
                0.028463437939110072,
                0.06078857142857143
            ],
            [
                "P4",
                0.12476108658743633,
                0.2725578947368421
            ],
            [
                "P5",
                0.050932000000000005,
                0.13752
            ],
            [
                "P6",
                0.0,
                0.0
            ]
        ],
        "procesado_planta": [
            260010,
            324108,
            816642,
            939276,
            346464,
            0
        ],
        "porcentaje_camiones_tercero": 0.0,
        "porcentaje_uva_terceros": 0.0,
        "costos_procesamiento": 68397501.6,
        "costos_transporte": 116975881947.79085,
        "costos_jornaleros": 61032510,
        "costos_asignacion": 9800000,
        "costos_totales": 117115111959.39085
    }
}