{
    "iter_1": {
        "calidad_promedio": 0.8767992315410459,
        "ocupacion_promedio_ferm": [
            [
                "P1",
                0.010817861538461539,
                0.0297864
            ],
            [
                "P2",
                0.0358224,
                0.095472
            ],
            [
                "P3",
                0.027758276346604216,
                0.06000171428571428
            ],
            [
                "P4",
                0.13422621392190154,
                0.2725578947368421
            ],
            [
                "P5",
                0.054842999999999996,
                0.13722
            ],
            [
                "P6",
                0.0,
                0.0
            ]
        ],
        "procesado_planta": [
            176526,
            332856,
            746928,
            1011744,
            374706,
            0
        ],
        "porcentaje_camiones_tercero": 0.0,
        "porcentaje_uva_terceros": 0.0,
        "costos_procesamiento": 68386485.60000001,
        "costos_transporte": 125260062820.66714,
        "costos_jornaleros": 61032510,
        "costos_asignacion": 9755000,
        "costos_totales": 125399236816.26715
    }
}