{
    "iter_1": {
        "calidad_promedio": 0.8787709563705807,
        "ocupacion_promedio_ferm": [
            [
                "P1",
                0.01215509433962264,
                0.0407376
            ],
            [
                "P2",
                0.035550458181818186,
                0.068904
            ],
            [
                "P3",
                0.027433264637002342,
                0.06086571428571429
            ],
            [
                "P4",
                0.1305993208828523,
                0.27102315789473685
            ],
            [
                "P5",
                0.054011,
                0.13722
            ],
            [
                "P6",
                0.0,
                0.0
            ]
        ],
        "procesado_planta": [
            194238,
            324432,
            767664,
            980640,
            371736,
            0
        ],
        "porcentaje_camiones_tercero": 0.0,
        "porcentaje_uva_terceros": 0.0,
        "costos_procesamiento": 67961160.0,
        "costos_transporte": 121597188083.20447,
        "costos_jornaleros": 61032510,
        "costos_asignacion": 9830000,
        "costos_totales": 121736011753.20447
    }
}