{
    "iter_1": {
        "calidad_promedio": 0.8785153959889023,
        "ocupacion_promedio_ferm": [
            [
                "P1",
                0.017832461538461537,
                0.0371736
            ],
            [
                "P2",
                0.0459272,
                0.1301616
            ],
            [
                "P3",
                0.026972430913348944,
                0.061945714285714285
            ],
            [
                "P4",
                0.1269018336162988,
                0.30166105263157894
            ],
            [
                "P5",
                0.046091,
                0.12642
            ],
            [
                "P6",
                0.0,
                0.0
            ]
        ],
        "procesado_planta": [
            306396,
            402462,
            753894,
            961956,
            340902,
            0
        ],
        "porcentaje_camiones_tercero": 0.0,
        "porcentaje_uva_terceros": 0.0,
        "costos_procesamiento": 70901460.00000001,
        "costos_transporte": 120498725716.46718,
        "costos_jornaleros": 61032510,
        "costos_asignacion": 9755000,
        "costos_totales": 120640414686.46718
    }
}