{
    "iter_1": {
        "calidad_promedio": 0.8766489134646742,
        "ocupacion_promedio_ferm": [
            [
                "P1",
                0.016568422641509435,
                0.0501768
            ],
            [
                "P2",
                0.04496020363636364,
                0.0972
            ],
            [
                "P3",
                0.025836028103044497,
                0.05461714285714286
            ],
            [
                "P4",
                0.1132093039049236,
                0.24078315789473684
            ],
            [
                "P5",
                0.060765,
                0.14616
            ],
            [
                "P6",
                0.0,
                0.0
            ]
        ],
        "procesado_planta": [
            286632,
            400086,
            738558,
            828738,
            439830,
            0
        ],
        "porcentaje_camiones_tercero": 0.0,
        "porcentaje_uva_terceros": 0.0,
        "costos_procesamiento": 69299247.60000001,
        "costos_transporte": 116123506918.74783,
        "costos_jornaleros": 61032510,
        "costos_asignacion": 9840000,
        "costos_totales": 116263678676.34784
    }
}