{
    "iter_1": {
        "calidad_promedio": 0.8849581659007699,
        "ocupacion_promedio_ferm": [
            [
                "P1",
                0.013885539622641508,
                0.0341496
            ],
            [
                "P2",
                0.04516206545454545,
                0.101088
            ],
            [
                "P3",
                0.0289880093676815,
                0.06919714285714286
            ],
            [
                "P4",
                0.12485918505942274,
                0.2913726315789474
            ],
            [
                "P5",
                0.053848,
                0.10422
            ],
            [
                "P6",
                0.0,
                0.0
            ]
        ],
        "procesado_planta": [
            244674,
            412614,
            801576,
            942408,
            361530,
            0
        ],
        "porcentaje_camiones_tercero": 0.0,
        "porcentaje_uva_terceros": 0.0,
        "costos_procesamiento": 71030390.4,
        "costos_transporte": 118924836847.95526,
        "costos_jornaleros": 61032510,
        "costos_asignacion": 9875000,
        "costos_totales": 119066774748.35526
    }
}