{
    "iter_1": {
        "calidad_promedio": 0.8799009961365922,
        "ocupacion_promedio_ferm": [
            [
                "P1",
                0.016110276923076924,
                0.0414504
            ],
            [
                "P2",
                0.03305506909090909,
                0.0884736
            ],
            [
                "P3",
                0.02731792974238876,
                0.057795428571428574
            ],
            [
                "P4",
                0.1336202037351443,
                0.29194105263157893
            ],
            [
                "P5",
                0.059813,
                0.13446
            ],
            [
                "P6",
                0.0,
                0.0
            ]
        ],
        "procesado_planta": [
            287550,
            309690,
            764532,
            1021248,
            392364,
            0
        ],
        "porcentaje_camiones_tercero": 0.0,
        "porcentaje_uva_terceros": 0.0,
        "costos_procesamiento": 71039440.8,
        "costos_transporte": 121507534954.99168,
        "costos_jornaleros": 61032510,
        "costos_asignacion": 9740000,
        "costos_totales": 121649346905.79169
    }
}